{
  "begin": 664196028062.62195,
  "cpu_usage": [
    0, 173, 173, 374, 374, 284, 284, 284, 184, 184, 123, 123, 123, 130, 130,
    344, 344, 344, 221, 221, 146, 146, 146, 240, 240, 272, 272, 272, 505, 505,
    318, 318, 318, 212, 212, 188, 188, 188, 137, 137, 137, 256, 256, 612, 612,
    279, 279, 346, 346, 399, 399, 310, 310, 399, 399, 399, 477, 477, 641, 641,
    641, 845, 845, 894, 894, 894, 722, 722, 597, 597, 597, 856, 856, 708, 708,
    708, 492, 492, 373, 373, 373, 300, 300, 287, 287, 287, 282, 282, 263, 263,
    263, 283, 283, 247, 247, 247, 228, 228, 229, 229, 229, 152, 152, 303, 303,
    353, 218, 229, 229, 229, 229, 837, 837, 922, 922, 922, 965, 965, 731, 731,
    731, 479, 479, 504, 504, 504, 421, 421, 298, 298, 298, 302, 302, 458, 458,
    458, 463, 463, 512, 512, 512, 775, 775, 1186, 1186, 1186, 1671, 1671, 2197,
    2197, 2197, 2505, 2505, 2769, 2769, 2769, 2220, 2220, 1428, 1428, 1428, 907,
    907, 588, 588, 588, 403, 403, 274, 274, 274, 193, 193, 151, 151, 151, 119,
    119, 206, 206, 206, 248, 248, 214, 109, 109, 140, 160, 147, 133, 138, 163,
    163, 137, 137, 283, 283, 283, 409, 409, 263, 263, 263, 193, 193, 129, 129,
    129, 350, 350, 303, 303, 303, 267, 267, 314, 314, 314, 238, 238, 265, 265,
    265, 282, 282, 325, 232, 232, 227, 227, 270, 270, 270, 294, 294, 405, 405,
    405, 452, 452, 670, 670, 670, 805, 805, 873, 873, 873, 726, 552, 552, 482,
    229, 229, 229, 541, 541, 756, 756, 756, 699, 699, 662, 662, 662, 634, 634,
    613, 613, 613, 618, 618, 610, 610, 610, 599, 599, 583, 583, 583, 614, 614,
    531, 531, 531, 336, 336, 218, 218, 218, 148, 148, 110, 110, 110, 80, 80, 75,
    75, 75, 100, 100, 75, 75, 75, 58, 58, 46, 46, 46, 41, 41, 41, 38, 38, 35,
    35, 35, 33, 33, 33, 33, 33, 173, 173, 135, 135, 135, 135, 135, 165, 165,
    165, 302, 302, 199, 199, 199, 176, 176, 224, 224, 224, 156, 156, 111, 111,
    111, 87, 87, 87, 64, 54, 42, 42, 42, 40, 40, 34, 34, 34, 34, 34, 36, 36, 36,
    80, 80, 131, 131
  ],
  "end": 664196048427.63306,
  "memory_usage": [
    0, 31016016, 31343696, 31523920, 31523920, 31523920, 31523920, 31523920,
    31523920, 31523920, 31523920, 31523920, 31523920, 31523920, 31786064,
    31900752, 31900752, 31900752, 31884368, 31884368, 31884368, 31884368,
    31900752, 31999056, 31999056, 32080976, 32441424, 39748888, 45155608,
    45155608, 45155608, 45155608, 45155608, 45155608, 45155608, 45499672,
    45499672, 45499672, 45548824, 45548824, 45548824, 45565208, 45745432,
    45761816, 45794584, 45794584, 45860120, 46089496, 46400792, 46531864,
    46548248, 47138072, 47351064, 47416600, 47613208, 48629016, 49022232,
    49890584, 50300184, 50677016, 53265688, 51987736, 52299032, 52380952,
    52512024, 52626712, 52626712, 52725016, 53069080, 53232920, 53708056,
    58197272, 58246424, 58262808, 58361112, 58361112, 58459416, 58443032,
    57984280, 57984280, 57967896, 58000664, 58000664, 58000664, 57984280,
    57967896, 57951512, 57935128, 57918744, 57918744, 57918744, 57918744,
    57918744, 57918744, 57918744, 57918744, 57951512, 57918744, 59327808,
    59835712, 60032320, 60015936, 60065088, 61670720, 60474688, 60802368,
    66520384, 69715264, 71288128, 86426944, 89998696, 94733672, 96028008,
    89916776, 102335848, 106481000, 106513768, 87049576, 87049576, 87049576,
    87049576, 87049576, 87016808, 87115112, 87049576, 87049576, 87049576,
    87049576, 87049576, 87049576, 87082344, 87442792, 87491944, 87524712,
    87573864, 87590248, 87590248, 87590248, 87623016, 87786856, 87885160,
    87885160, 90277264, 91719056, 92784016, 93930896, 94848400, 96175504,
    96961936, 98354576, 99468688, 100550032, 101565840, 102368656, 103237048,
    103286200, 103351736, 103351736, 103351736, 103351736, 103351736, 103351736,
    103351736, 103351736, 103351736, 103318968, 103318968, 103318968, 103318968,
    103318968, 103318968, 103318968, 103318968, 103318968, 103318968, 103318968,
    103318968, 103318968, 103318968, 103318968, 103351736, 103417272, 103433656,
    103433656, 103417272, 103417272, 103417272, 103433656, 103253432, 103253432,
    103138744, 103105976, 103105976, 103122360, 106841528, 107054520, 107595192,
    107595192, 107595192, 107595192, 107595192, 107595192, 107595192, 107578808,
    107578808, 107578808, 107578808, 107578808, 107578808, 107775416, 112084408,
    112084408, 112084408, 118228408, 122340792, 133842360, 133842360, 136480184,
    139773368, 143492536, 139789752, 139789752, 139789752, 143492536, 143492536,
    143492536, 147146168, 147146168, 147146168, 147146168, 147146168, 147146168,
    147146168, 147146168, 147146168, 147162552, 147162552, 147178936, 147752376,
    147932600, 148211128, 148489656, 148800992, 149177824, 149472736, 143525344,
    143492576, 143410656, 143410656, 143427040, 143427040, 143427040, 143427040,
    143427040, 147129824, 128026080, 141870560, 149358048, 149276128, 153060832,
    152995296, 153060832, 152995296, 153060832, 152995296, 153060832, 152995296,
    153028064, 152995296, 153028064, 152995296, 153028064, 152978912, 153028064,
    153011680, 156681696, 141870560, 141837792, 145884640, 140133856, 130811360,
    130844128, 130844128, 130844128, 130844128, 130844128, 130844128, 130844128,
    130844128, 130844128, 130844128, 130827744, 130827744, 130827744, 130827744,
    129664480, 129664480, 129664480, 129664480, 129648096, 96110048, 96110048,
    96110048, 96110048, 96110048, 96110048, 96110048, 96044512, 96044512,
    96044512, 96044512, 96044512, 96044512, 96044512, 96044512, 96044512,
    96044512, 96044512, 96044512, 96044512, 96044512, 96044512, 96044512,
    96060896, 96060896, 96060896, 96060896, 96093664, 96093664, 96159200,
    96159200, 96077280, 96077280, 96077280, 96077280, 96077280, 95978976,
    95978976, 94094816, 85706208, 85706208, 85689824, 85689824, 85689824,
    85689824, 85689824, 85689824, 85689824, 85689824, 85689824, 85689824,
    85689824, 85607904, 85607904, 85607904, 85607904, 85607904, 85607904,
    85607904, 85607904, 85607904, 85607904, 85607904, 85607904, 85607904,
    85607904, 85607904, 85607904, 85607904, 85607904
  ],
  "vc_events": [
    { "name": "UIAlertController", "event": 4, "index": 11 },
    { "name": "UIAlertController", "event": 6, "index": 23 },
    { "name": "UIAlertController", "event": 7, "index": 23 },
    {
      "name": "_UIAlertControllerTextFieldViewController",
      "event": 7,
      "index": 23
    },
    { "name": "SSZMEDemoViewController", "event": 6, "index": 38 },
    { "name": "SSZMUITestDemoViewController", "event": 4, "index": 38 },
    { "name": "SSZMCreateFlowScrollViewController", "event": 1, "index": 42 },
    { "name": "SSZMCameraViewController", "event": 1, "index": 42 },
    { "name": "SSZMECommonSelectMediaViewController", "event": 1, "index": 56 },
    { "name": "SSZMELibraryViewController", "event": 1, "index": 58 },
    { "name": "SSZMAssetViewController", "event": 1, "index": 58 },
    { "name": "SSZMAssetViewController", "event": 1, "index": 58 },
    { "name": "SSZMAssetViewController", "event": 1, "index": 58 },
    { "name": "SSZMAlbumViewController", "event": 1, "index": 61 },
    { "name": "SSZMUITestDemoViewController", "event": 6, "index": 70 },
    { "name": "SSZMCreateFlowScrollViewController", "event": 4, "index": 70 },
    { "name": "SSZMCameraViewController", "event": 4, "index": 70 },
    { "name": "SSZMECommonSelectMediaViewController", "event": 4, "index": 70 },
    { "name": "SSZMELibraryViewController", "event": 4, "index": 71 },
    { "name": "SSZMAssetViewController", "event": 4, "index": 71 },
    { "name": "SSZMAssetViewController", "event": 4, "index": 71 },
    { "name": "SSZMAssetViewController", "event": 4, "index": 71 },
    { "name": "SSZMMagicViewController", "event": 1, "index": 103 },
    { "name": "SSZMEditViewController", "event": 1, "index": 194 },
    { "name": "SSZMCreateFlowScrollViewController", "event": 6, "index": 207 },
    { "name": "SSZMCameraViewController", "event": 6,