{
  "begin": 664100595510.26599,
  "end": 664100628875.47192,
  "memorys": [
    0, 31737792, 45336576, 45320192, 46270464, 44320832, 55052416, 150915392,
    170969536, 173869504, 172526016, 178244096, 194054656, 214813184, 214813184,
    226970176, 213846592, 210143808, 210143808, 210127424, 213797440, 213731904,
    213715520, 214354496, 249465408, 232819264, 214288960, 243223104, 189712896,
    192432704, 173967936, 108415552, 108350016, 108776000, 109005376,
    0, 31737792, 45336576, 45320192, 46270464, 44320832, 55052416, 150915392,
    170969536, 173869504, 172526016, 178244096, 194054656, 214813184, 214813184,
    226970176, 213846592, 210143808, 210143808, 210127424, 213797440, 213731904,
    213715520, 214354496, 249465408, 232819264, 214288960, 243223104, 189712896,
    192432704, 173967936, 108415552, 108350016, 108776000, 109005376,
    0, 31737792, 45336576, 45320192, 46270464, 44320832, 55052416, 150915392,
    170969536, 173869504, 172526016, 178244096, 194054656, 214813184, 214813184,
    226970176, 213846592, 210143808, 210143808, 210127424, 213797440, 213731904,
    213715520, 214354496, 249465408, 232819264, 214288960, 243223104, 189712896,
    192432704, 173967936, 108415552, 108350016, 108776000, 109005376,
    0, 31737792, 45336576, 45320192, 46270464, 44320832, 55052416, 150915392,
    170969536, 173869504, 172526016, 178244096, 194054656, 214813184, 214813184,
    226970176, 213846592, 210143808, 210143808, 210127424, 213797440, 213731904,
    213715520, 214354496, 249465408, 232819264, 214288960, 243223104, 189712896,
    192432704, 173967936, 108415552, 108350016, 108776000, 109005376,
    0, 31737792, 45336576, 45320192, 46270464, 44320832, 55052416, 150915392,
    170969536, 173869504, 172526016, 178244096, 194054656, 214813184, 214813184,
    226970176, 213846592, 210143808, 210143808, 210127424, 213797440, 213731904,
    213715520, 214354496, 249465408, 232819264, 214288960, 243223104, 189712896,
    192432704, 173967936, 108415552, 108350016, 108776000, 109005376,
    0, 31737792, 45336576, 45320192, 46270464, 44320832, 55052416, 150915392,
    170969536, 173869504, 172526016, 178244096, 194054656, 214813184, 214813184,
    226970176, 213846592, 210143808, 210143808, 210127424, 213797440, 213731904,
    213715520, 214354496, 249465408, 232819264, 214288960, 243223104, 189712896,
    192432704, 173967936, 108415552, 108350016, 108776000, 109005376,
    0, 31737792, 45336576, 45320192, 46270464, 44320832, 55052416, 150915392,
    170969536, 173869504, 172526016, 178244096, 194054656, 214813184, 214813184,
    226970176, 213846592, 210143808, 210143808, 210127424, 213797440, 213731904,
    213715520, 214354496, 249465408, 232819264, 214288960, 243223104, 189712896,
    192432704, 173967936, 108415552, 108350016, 108776000, 109005376,
    0, 31737792, 45336576, 45320192, 46270464, 44320832, 55052416, 150915392,
    170969536, 173869504, 172526016, 178244096, 194054656, 214813184, 214813184,
    226970176, 213846592, 210143808, 210143808, 210127424, 213797440, 213731904,
    213715520, 214354496, 249465408, 232819264, 214288960, 243223104, 189712896,
    192432704, 173967936, 108415552, 108350016, 108776000, 109005376,
    0, 31737792, 45336576, 45320192, 46270464, 44320832, 55052416, 150915392,
    170969536, 173869504, 172526016, 178244096, 194054656, 214813184, 214813184,
    226970176, 213846592, 210143808, 210143808, 210127424, 213797440, 213731904,
    213715520, 214354496, 249465408, 232819264, 214288960, 243223104, 189712896,
    192432704, 173967936, 108415552, 108350016, 108776000, 109005376,
    0, 31737792, 45336576, 45320192, 46270464, 44320832, 55052416, 150915392,
    170969536, 173869504, 172526016, 178244096, 194054656, 214813184, 214813184,
    226970176, 213846592, 210143808, 210143808, 210127424, 213797440, 213731904,
    213715520, 214354496, 249465408, 232819264, 214288960, 243223104, 189712896,
    192432704, 173967936, 108415552, 108350016, 108776000, 109005376,
    0, 31737792, 45336576, 45320192, 46270464, 44320832, 55052416, 150915392,
    170969536, 173869504, 172526016, 178244096, 194054656, 214813184, 214813184,
    226970176, 213846592, 210143808, 210143808, 210127424, 213797440, 213731904,
    213715520, 214354496, 249465408, 232819264, 214288960, 243223104, 189712896,
    192432704, 173967936, 108415552, 108350016, 108776000, 109005376,
    0, 31737792, 45336576, 45320192, 46270464, 44320832, 55052416, 150915392,
    170969536, 173869504, 172526016, 178244096, 194054656, 214813184, 214813184,
    226970176, 213846592, 210143808, 210143808, 210127424, 213797440, 213731904,
    213715520, 214354496, 249465408, 232819264, 214288960, 243223104, 189712896,
    192432704, 173967936, 108415552, 108350016, 108776000, 109005376,
    0, 31737792, 45336576, 45320192, 46270464, 44320832, 55052416, 150915392,
    170969536, 173869504, 172526016, 178244096, 194054656, 214813184, 214813184,
    226970176, 213846592, 210143808, 210143808, 210127424, 213797440, 213731904,
    213715520, 214354496, 249465408, 232819264, 214288960, 243223104, 189712896,
    192432704, 173967936, 108415552, 108350016, 108776000, 109005376,
    0, 31737792, 45336576, 45320192, 46270464, 44320832, 55052416, 150915392,
    170969536, 173869504, 172526016, 178244096, 194054656, 214813184, 214813184,
    226970176, 213846592, 210143808, 210143808, 210127424, 213797440, 213731904,
    213715520, 214354496, 249465408, 232819264, 214288960, 243223104, 189712896,
    192432704, 173967936, 108415552, 108350016, 108776000, 109005376
  ]
}
